[
    {
        "Id": "01406bfedcfc1ca602f4219373eb878fe4d259f129cfe0123149341e5b3a7fbd",
        "Created": "2018-07-11T06:04:09.216111773Z",
        "Path": "bash",
        "Args": [
            "samplesetup.sh"
        ],
        "State": {
            "Status": "exited",
            "Running": false,
            "Paused": false,
            "Restarting": false,
            "OOMKilled": false,
            "Dead": false,
            "Pid": 0,
            "ExitCode": 0,
            "Error": "",
            "StartedAt": "2018-07-11T06:04:10.178403249Z",
            "FinishedAt": "2018-07-11T06:05:36.572375815Z"
        },
        "Image": "sha256:79fcda8266e866e69174f3ab1dea881a84fe66bbb64a87027b722d72bda2dc8c",
        "ResolvConfPath": "/var/lib/docker/containers/01406bfedcfc1ca602f4219373eb878fe4d259f129cfe0123149341e5b3a7fbd/resolv.conf",
        "HostnamePath": "/var/lib/docker/containers/01406bfedcfc1ca602f4219373eb878fe4d259f129cfe0123149341e5b3a7fbd/hostname",
        "HostsPath": "/var/lib/docker/containers/01406bfedcfc1ca602f4219373eb878fe4d259f129cfe0123149341e5b3a7fbd/hosts",
        "LogPath": "/var/lib/docker/containers/01406bfedcfc1ca602f4219373eb878fe4d259f129cfe0123149341e5b3a7fbd/01406bfedcfc1ca602f4219373eb878fe4d259f129cfe0123149341e5b3a7fbd-json.log",
        "Name": "/contr10072018230407",
        "RestartCount": 0,
        "Driver": "overlay2",
        "Platform": "linux",
        "MountLabel": "",
        "ProcessLabel": "",
        "AppArmorProfile": "docker-default",
        "ExecIDs": null,
        "HostConfig": {
            "Binds": null,
            "ContainerIDFile": "",
            "LogConfig": {
                "Type": "json-file",
                "Config": {}
            },
            "NetworkMode": "default",
            "PortBindings": {},
            "RestartPolicy": {
                "Name": "no",
                "MaximumRetryCount": 0
            },
            "AutoRemove": false,
            "VolumeDriver": "",
            "VolumesFrom": null,
            "CapAdd": null,
            "CapDrop": null,
            "Dns": [],
            "DnsOptions": [],
            "DnsSearch": [],
            "ExtraHosts": null,
            "GroupAdd": null,
            "IpcMode": "shareable",
            "Cgroup": "",
            "Links": null,
            "OomScoreAdj": 0,
            "PidMode": "",
            "Privileged": false,
            "PublishAllPorts": false,
            "ReadonlyRootfs": false,
            "SecurityOpt": null,
            "UTSMode": "",
            "UsernsMode": "",
            "ShmSize": 67108864,
            "Runtime": "runc",
            "ConsoleSize": [
                0,
                0
            ],
            "Isolation": "",
            "CpuShares": 0,
            "Memory": 0,
            "NanoCpus": 0,
            "CgroupParent": "",
            "BlkioWeight": 0,
            "BlkioWeightDevice": [],
            "BlkioDeviceReadBps": null,
            "BlkioDeviceWriteBps": null,
            "BlkioDeviceReadIOps": null,
            "BlkioDeviceWriteIOps": null,
            "CpuPeriod": 0,
            "CpuQuota": 0,
            "CpuRealtimePeriod": 0,
            "CpuRealtimeRuntime": 0,
            "CpusetCpus": "",
            "CpusetMems": "",
            "Devices": [],
            "DeviceCgroupRules": null,
            "DiskQuota": 0,
            "KernelMemory": 0,
            "MemoryReservation": 0,
            "MemorySwap": 0,
            "MemorySwappiness": null,
            "OomKillDisable": false,
            "PidsLimit": 0,
            "Ulimits": null,
            "CpuCount": 0,
            "CpuPercent": 0,
            "IOMaximumIOps": 0,
            "IOMaximumBandwidth": 0
        },
        "GraphDriver": {
            "Data": {
                "LowerDir": "/var/lib/docker/overlay2/acadd1dd875c2569e266cdb1a35972cd59c7b80275c82063f8e925cb23f5e246-init/diff:/var/lib/docker/overlay2/60a5fc73d17ff7313be1921646403c6b9af5b011c6db7093c1c05aa949145d1d/diff:/var/lib/docker/overlay2/6f1adb66b02a27ad0a94791042c83b4a69e6755ad80c66e6f146e0990fe4b755/diff:/var/lib/docker/overlay2/62d3228b06e9a5d414a1ee02fdf51e944607b35f1f8cde781fcd8b4485e64ef0/diff:/var/lib/docker/overlay2/bdc6e3aadcd43c2c84e28e0b2874a69867c94b423bd1712f8fefc53e4a8b141c/diff:/var/lib/docker/overlay2/5ec62ff335da2679b923242d73978b162af9cdf42f452c89d29153a85e2f4950/diff:/var/lib/docker/overlay2/a1533b22804100115ffa3d5c665ef0208a25e1073e612cedbae6fb078e06a264/diff:/var/lib/docker/overlay2/f008f6fd49d8d9054d2a84ae76e00c203520d85ccd04c5183503173ff1cdf6fd/diff",
                "MergedDir": "/var/lib/docker/overlay2/acadd1dd875c2569e266cdb1a35972cd59c7b80275c82063f8e925cb23f5e246/merged",
                "UpperDir": "/var/lib/docker/overlay2/acadd1dd875c2569e266cdb1a35972cd59c7b80275c82063f8e925cb23f5e246/diff",
                "WorkDir": "/var/lib/docker/overlay2/acadd1dd875c2569e266cdb1a35972cd59c7b80275c82063f8e925cb23f5e246/work"
            },
            "Name": "overlay2"
        },
        "Mounts": [],
        "Config": {
            "Hostname": "01406bfedcfc",
            "Domainname": "",
            "User": "",
            "AttachStdin": false,
            "AttachStdout": true,
            "AttachStderr": true,
            "Tty": false,
            "OpenStdin": false,
            "StdinOnce": false,
            "Env": [
                "PATH=/usr/local/sbin:/usr/local/bin:/usr/sbin:/usr/bin:/sbin:/bin"
            ],
            "Cmd": [
                "bash",
                "samplesetup.sh"
            ],
            "ArgsEscaped": true,
            "Image": "img10072018230407",
            "Volumes": null,
            "WorkingDir": "/app",
            "Entrypoint": null,
            "OnBuild": null,
            "Labels": {}
        },
        "NetworkSettings": {
            "Bridge": "",
            "SandboxID": "eea40e59dc0ba9ca9d08f474850713413adb229d0e1fb7ab618ac89df229df66",
            "HairpinMode": false,
            "LinkLocalIPv6Address": "",
            "LinkLocalIPv6PrefixLen": 0,
            "Ports": {},
            "SandboxKey": "/var/run/docker/netns/eea40e59dc0b",
            "SecondaryIPAddresses": null,
            "SecondaryIPv6Addresses": null,
            "EndpointID": "",
            "Gateway": "",
            "GlobalIPv6Address": "",
            "GlobalIPv6PrefixLen": 0,
            "IPAddress": "",
            "IPPrefixLen": 0,
            "IPv6Gateway": "",
            "MacAddress": "",
            "Networks": {
                "bridge": {
                    "IPAMConfig": null,
                    "Links": null,
                    "Aliases": null,
                    "NetworkID": "92aab6dd8ed299adbb92df96d9e97ab700c44437e4d8de5dc8bf818fb3b842f2",
                    "EndpointID": "",
                    "Gateway": "",
                    "IPAddress": "",
                    "IPPrefixLen": 0,
                    "IPv6Gateway": "",
                    "GlobalIPv6Address": "",
                    "GlobalIPv6PrefixLen": 0,
                    "MacAddress": "",
                    "DriverOpts": null
                }
            }
        }
    }
]
